{
  "particles": {
    "number": {
      "value": 100,
      "density": { "enable": true, "value_area": 2000 }
    },
    "color": { "value": "#ffffff" },
    "shape": {
      "type": ["triangle"],
      "stroke": { "width": 40, "color": "rgba(255, 255, 255, .2)" },
      "polygon": { "nb_sides": 5 }
    },
    "opacity": {
      "value": 0.5,
      "random": true,
      "anim": { "enable": false, "speed": 1, "opacity_min": 0.1, "sync": false }
    },
    "size": {
      "value": 1,
      "random": true,
      "anim": { "enable": false, "speed": 40, "size_min": 0.1, "sync": false }
    },
    "line_linked": { "enable": false },
    "move": {
      "enable": true,
      "speed": 2.5,
      "direction": "top",
      "random": false,
      "straight": false,
      "out_mode": "out",
      "bounce": false,
      "attract": { "enable": false }
    }
  },
  "interactivity": {
    "detect_on": "canvas",
    "events": {
      "onhover": { "enable": false },
      "onclick": { "enable": false },
      "resize": false
    },
    "modes": {
      "grab": { "distance": 140, "line_linked": { "opacity": 1 } },
      "bubble": {
        "distance": 400,
        "size": 40,
        "duration": 2,
        "opacity": 8,
        "speed": 3
      },
      "repulse": { "distance": 200, "duration": 0.4 },
      "push": { "particles_nb": 4 },
      "remove": { "particles_nb": 2 }
    }
  },
  "retina_detect": true
}
