[
  {
      "name": "1",
      "icon": "/files/1/meta/apple-touch-icon.png",
      "url": "/files/1/index.html"
  },
  {
      "name": "10 Minutes till dawn",
      "icon": "/files/10-minutes-till-dawn/splash.png",
      "url": "/files/10-minutes-till-dawn/index.html"
  },
  {
      "name": "100 Player Pong",
      "icon": "/files/100ng/100ng.jpg",
      "url": "/files/100ng/index.html"
  },
  {
      "name": "1v1.lol",
      "icon": "/files/1v1lol/splash.png",
      "url": "/files/1v1lol/index.html"
  },
  {
      "name": "1v1.space",
      "icon": "/files/1v1space/splash.png",
      "url": "/files/1v1space/index.html"
  },
  {
      "name": "2048",
      "icon": "/files/2048/thumb.png",
      "url": "/files/2048/index.html"
  },
  {
      "name": "2048 Multitask",
      "icon": "/files/2048-multitask/splash.png",
      "url": "/files/2048-multitask/index.html"
  },
  {
      "name": "9007199254740992",
      "icon": "/files/9007199254740992/logo-4.png",
      "url": "/files/9007199254740992/index.html"
  },
  {
      "name": "99balls",
      "icon": "/files/99balls/99-balls-evo.jpg",
      "url": "/files/99balls/index.html"
  },
  {
      "name": "A Dance of Fire and Ice",
      "icon": "/files/a-dance-of-fire-and-ice/splash.png",
      "url": "/files/a-dance-of-fire-and-ice/index.html"
  },
  {
      "name": "A Dark Room",
      "icon": "/files/adarkroom/splash.png",
      "url": "/files/adarkroom/index.html"
  },
  {
      "name": "Achievement Unlocked",
      "icon": "/files/achievementunlocked/achievementunlocked.png",
      "url": "/files/achievementunlocked/index.html"
  },
  {
      "name": "Adrenaline Challenge",
      "icon": "/files/adrenalinechallenge/adrenalinechallenge.jpg",
      "url": "/files/adrenalinechallenge/index.html"
  },
  {
      "name": "Adventure Drivers",
      "icon": "/files/adventure-drivers/splash.png",
      "url": "/files/adventure-drivers/index.html"
  },
  {
      "name": "Age of Conflict",
      "icon": "/files/ages-of-conflict/splash.jpg",
      "url": "/files/ages-of-conflict/index.html"
  },
  {
      "name": "Alien Hominid",
      "icon": "/files/alienhominid/alienhominid.jpg",
      "url": "/files/alienhominid/index.html"
  },
  {
      "name": "Amazing rope police",
      "icon": "/files/amazing-rope-police/splash.jpeg",
      "url": "/files/amazing-rope-police/index.html"
  },
  {
      "name": "Amidst the Clouds",
      "icon": "/files/amidst-the-clouds/splash.png",
      "url": "/files/amidst-the-clouds/index.html"
  },
  {
      "name": "Among Us",
      "icon": "/files/among-us/red.png",
      "url": "/files/among-us/index.html"
  },
  {
      "name": "Angry Sharks",
      "icon": "/files/angry-sharks/assets/favicon/icon-512x512.png",
      "url": "/files/angry-sharks/index.html"
  },
  {
      "name": "Aquapark slides",
      "icon": "/files/aquapark-slides/splash.png",
      "url": "/files/aquapark-slides/index.html"
  },
  {
      "name": "Astray",
      "icon": "/files/astray/splash.png",
      "url": "/files/astray/index.html"
  },
  {
      "name": "Avalanche",
      "icon": "/files/avalanche/avalanche.png",
      "url": "/files/avalanche/index.html"
  },
  {
      "name": "Awesome Tanks 2",
      "icon": "/files/awesometanks2/awesometanks2.jpg",
      "url": "/files/awesometanks2/index.html"
  },
  {
      "name": "Backrooms",
      "icon": "/files/backrooms/img/splash.jpg",
      "url": "/files/backrooms/index.html"
  },
  {
      "name": "Bacon May Die",
      "icon": "/files/bacon-may-die/splash.png",
      "url": "/files/bacon-may-die/index.html"
  },
  {
      "name": "Bad Ice Cream",
      "icon": "/files/bad-ice-cream/bad-ice-cream.png",
      "url": "/files/bad-ice-cream/index.html"
  },
  {
      "name": "Bad Ice Cream 2",
      "icon": "/files/bad-ice-cream-2/bad-ice-cream-2.png",
      "url": "/files/bad-ice-cream-2/index.html"
  },
  {
      "name": "Bad Ice Cream 3",
      "icon": "/files/bad-ice-cream-3/bad-ice-cream-3.png",
      "url": "/files/bad-ice-cream-3/index.html"
  },
  {
      "name": "Baldi's Basics",
      "icon": "/files/baldis-basics/splash.png",
      "url": "/files/baldis-basics/index.html"
  },
  {
      "name": "Ballistic Chickens",
      "icon": "/files/ballistic-chickens/logo.png",
      "url": "/files/ballistic-chickens/index.html"
  },
  {
      "name": "Basket Random",
      "icon": "/files/basket-random/splash.jpeg",
      "url": "/files/basket-random/index.html"
  },
  {
      "name": "Basketball Stars",
      "icon": "/files/basketball-stars/assets/images/basketball-stars.png",
      "url": "/files/basketball-stars/index.html"
  },
  {
      "name": "Basketbros.io",
      "icon": "/files/basketbros-io/thumb.jpg",
      "url": "/files/basketbros-io/index.html"
  },
  {
      "name": "Battle for Gondor",
      "icon": "/files/battleforgondor/battleforgondor.JPG",
      "url": "/files/battleforgondor/index.html"
  },
  {
      "name": "Big NEON Tower Tiny Square",
      "icon": "/files/bntts/icons/icon-256.png",
      "url": "/files/bntts/index.html"
  },
  {
      "name": "Big Red Button",
      "icon": "/files/bigredbutton/bigredbutton.png",
      "url": "/files/bigredbutton/index.html"
  },
  {
      "name": "Big Tower Tiny Square",
      "icon": "/files/btts/images.png",
      "url": "/files/btts/index.html"
  },
  {
      "name": "Bitlife",
      "icon": "/files/bitlife/logo.png",
      "url": "/files/bitlife/index.html"
  },
  {
      "name": "Black Hole Square",
      "icon": "/files/blacholesquare/icon.png",
      "url": "/files/blacholesquare/index.html"
  },
  {
      "name": "Black Knight",
      "icon": "/files/blackknight/blackknight.png",
      "url": "/files/blackknight/index.html"
  },
  {
      "name": "Bloons TD",
      "icon": "/files/bloonstd/bloonstd.jpg",
      "url": "/files/bloonstd/index.html"
  },
  {
      "name": "Bloons TD 2",
      "icon": "/files/bloonstd2/bloonstd2.png",
      "url": "/files/bloonstd2/index.html"
  },
  {
      "name": "Bloons TD 5",
      "icon": "/files/btd5/BT5_Deluxe_logo.png",
      "url": "/files/btd5/index.html"
  },
  {
      "name": "Bloxors",
      "icon": "/files/bloxors/block.png",
      "url": "/files/bloxors/index.html"
  },
  {
      "name": "Bob the Robber 2",
      "icon": "/files/bobtherobber2/splash.jpeg",
      "url": "/files/bobtherobber2/index.html"
  },
  {
      "name": "Box Head",
      "icon": "/files/boxhead2play/boxhead2play.jpg",
      "url": "/files/boxhead2play/index.html"
  },
  {
      "name": "Boxing Random",
      "icon": "/files/boxing-random/512x512.jpg",
      "url": "/files/boxing-random/index.html"
  },
  {
      "name": "Breaking the Bank",
      "icon": "/files/breakingthebank/breakingthebank.png",
      "url": "/files/breakingthebank/index.html"
  },
  {
      "name": "Burger and Frights",
      "icon": "/files/burger-and-frights/splash.png",
      "url": "/files/burger-and-frights/index.html"
  },
  {
      "name": "CS:GO Clicker",
      "icon": "/files/csgo-clicker/images/vanguard.png",
      "url": "/files/csgo-clicker/index.html"
  },
  {
      "name": "Cannon Basketball 4",
      "icon": "/files/cannon-basketball-4/img/splash.png",
      "url": "/files/cannon-basketball-4/index.html"
  },
  {
      "name": "Canyon Defense",
      "icon": "/files/canyondefense/canyondefense.png",
      "url": "/files/canyondefense/index.html"
  },
  {
      "name": "Cars Simulator",
      "icon": "/files/cars-simulator/splash.png",
      "url": "/files/cars-simulator/index.html"
  },
  {
      "name": "Cell Machine",
      "icon": "/files/cell-machine/img/te9nDu.png",
      "url": "/files/cell-machine/index.html"
  },
  {
      "name": "Champion Archer",
      "icon": "/files/championarcher/championarcher.png",
      "url": "/files/championarcher/index.html"
  },
  {
      "name": "Champion Island",
      "icon": "/files/champion-island/splash.png",
      "url": "/files/champion-island/index.html"
  },
  {
      "name": "Chill Radio",
      "icon": "/files/chill-radio/img/icon.png",
      "url": "/files/chill-radio/index.html"
  },
  {
      "name": "Chrome Dino",
      "icon": "/files/chrome-dino/icons/icon-256.png",
      "url": "/files/chrome-dino/index.html"
  },
  {
      "name": "Cluster Rush",
      "icon": "/files/cluster-rush/splash.png",
      "url": "/files/cluster-rush/index.html"
  },
  {
      "name": "Connect 3",
      "icon": "/files/connect3/connect3.png",
      "url": "/files/connect3/index.html"
  },
  {
      "name": "Cookie Clicker",
      "icon": "/files/cookie-clicker/cookie1.jpeg",
      "url": "/files/cookie-clicker/index.html"
  },
  {
      "name": "Core Ball",
      "icon": "/files/core-ball/pr_source.png",
      "url": "/files/core-ball/index.html"
  },
  {
      "name": "CraftMine",
      "icon": "/files/craftmine/images/craftmine.png",
      "url": "/files/craftmine/index.html"
  },
  {
      "name": "Creative Kill Chamber",
      "icon": "/files/creativekillchamber/creativekillchamber.jpg",
      "url": "/files/creativekillchamber/index.html"
  },
  {
      "name": "Crossy Road",
      "icon": "/files/crossyroad/crossyroad.png",
      "url": "/files/crossyroad/index.html"
  },
  {
      "name": "Cubefield",
      "icon": "/files/cubefield/assets/unnamed.png",
      "url": "/files/cubefield/index.html"
  },
  {
      "name": "Cupcake 2048",
      "icon": "/files/cupcake2048/favicon.png",
      "url": "/files/cupcake2048/index.html"
  },
  {
      "name": "Cut the Rope",
      "icon": "/files/ctr/logo.png",
      "url": "/files/ctr/index.html"
  },
  {
      "name": "Cut the Rope Holiday",
      "icon": "/files/ctr-holiday/Holiday_Gift.webp",
      "url": "/files/ctr-holiday/index.html"
  },
  {
      "name": "Cut the Rope Time Travel",
      "icon": "/files/ctr-tr/logo.png",
      "url": "/files/ctr-tr/index.html"
  },
  {
      "name": "Dante",
      "icon": "/files/dante/splash.png",
      "url": "/files/dante/index.html"
  },
  {
      "name": "Deal or No Deal",
      "icon": "/files/deal-or-no-deal/index.jpg",
      "url": "/files/deal-or-no-deal/index.html"
  },
  {
      "name": "Death Run 3D",
      "icon": "/files/death-run-3d/img/death.png",
      "url": "/files/death-run-3d/index.html"
  },
  {
      "name": "Deepest Sword",
      "icon": "/files/deepest-sword/splash.jpg",
      "url": "/files/deepest-sword/index.html"
  },
  {
      "name": "Defend the Tank",
      "icon": "/files/defend-the-tank/images/splash.jpg",
      "url": "/files/defend-the-tank/index.html"
  },
  {
      "name": "Doctor Acorn 2",
      "icon": "/files/doctor-acorn2/splash.jpg",
      "url": "/files/doctor-acorn2/index.html"
  },
  {
      "name": "Doge 2048",
      "icon": "/files/doge2048/meta/apple-touch-icon.png",
      "url": "/files/doge2048/index.html"
  },
  {
      "name": "DogeMiner",
      "icon": "/files/DogeMiner/img/dogeminer_300x300.png",
      "url": "/files/DogeMiner/index.html"
  },
  {
      "name": "DogeMiner 2",
      "icon": "/files/Dogeminer2/thumb.jpg",
      "url": "/files/Dogeminer2/index.html"
  },
  {
      "name": "Doodle Jump",
      "icon": "/files/doodle-jump/doodle.png",
      "url": "/files/doodle-jump/index.html"
  },
  {
      "name": "Double Wires",
      "icon": "/files/doublewires/doublewires.png",
      "url": "/files/doublewires/index.html"
  },
  {
      "name": "Dragons vs Bricks",
      "icon": "/files/dragon-vs-bricks/icon.jpg",
      "url": "/files/dragon-vs-bricks/index.html"
  },
  {
      "name": "Draw the Hill",
      "icon": "/files/draw-the-hill/icons/icon-512.png",
      "url": "/files/draw-the-hill/index.html"
  },
  {
      "name": "Drift Hunters",
      "icon": "/files/drift-hunters/drift-hunters.png",
      "url": "/files/drift-hunters/index.html"
  },
  {
      "name": "Drive Mad",
      "icon": "/files/drive-mad/logo.jpg",
      "url": "/files/drive-mad/index.html"
  },
  {
      "name": "Duck Life",
      "icon": "/files/ducklife1/ducklife.png",
      "url": "/files/ducklife1/index.html"
  },
  {
      "name": "Duck Life 2",
      "icon": "/files/ducklife2/ducklife2.png",
      "url": "/files/ducklife2/index.html"
  },
  {
      "name": "Duck Life 3",
      "icon": "/files/ducklife3/duck.png",
      "url": "/files/ducklife3/index.html"
  },
  {
      "name": "Duck Life 4",
      "icon": "/files/ducklife4/splash.jpg",
      "url": "/files/ducklife4/index.html"
  },
  {
      "name": "Duke Nukem 2",
      "icon": "/files/duke-nukem-2/splash.jpg",
      "url": "/files/duke-nukem-2/index.html"
  },
  {
      "name": "Eaglercraft 1.5",
      "icon": "/files/minecraft-15/splash.jpeg",
      "url": "/files/minecraft-15/index.html"
  },
  {
      "name": "Eaglercraft 1.8",
      "icon": "/files/minecraft-18/splash.png",
      "url": "/files/minecraft-18/index.html"
  },
  {
      "name": "Edge Let's surf",
      "icon": "/files/edge-surf/splash.png",
      "url": "/files/edge-surf/index.html"
  },
  {
      "name": "Edge Not Found",
      "icon": "/files/edgenotfound/edge.png",
      "url": "/files/edgenotfound/index.html"
  },
  {
      "name": "Eel Slap",
      "icon": "/files/eel-slap/eel-slap.png",
      "url": "/files/eel-slap/index.html"
  },
  {
      "name": "Elastic Man",
      "icon": "/files/elasticman/elasticman.jpg",
      "url": "/files/elasticman/index.html"
  },
  {
      "name": "Endless War 3",
      "icon": "/files/endlesswar3/endlesswar3.png",
      "url": "/files/endlesswar3/index.html"
  },
  {
      "name": "Escaping The Prison",
      "icon": "/files/escapingtheprison/escapingtheprison.jpg",
      "url": "/files/escapingtheprison/index.html"
  },
  {
      "name": "Evil Glitch",
      "icon": "/files/evil-glitch/evil.png",
      "url": "/files/evil-glitch/index.html"
  },
  {
      "name": "Evolution",
      "icon": "/files/evolution/splash.png",
      "url": "/files/evolution/index.html"
  },
  {
      "name": "Exo",
      "icon": "/files/exo/img/small.jpg",
      "url": "/files/exo/index.html"
  },
  {
      "name": "Factory Balls Forever",
      "icon": "/files/factoryballs/images/splash.png",
      "url": "/files/factoryballs/index.html"
  },
  {
      "name": "Fair Squares",
      "icon": "/files/fairsquares/index.apple-touch-icon.png",
      "url": "/files/fairsquares/index.html"
  },
  {
      "name": "Fake Virus",
      "icon": "/files/fake-virus/icon.png",
      "url": "/files/fake-virus/index.html"
  },
  {
      "name": "Fancy Pants Adventures",
      "icon": "/files/fancypantsadventures/fancypantsadventure.png",
      "url": "/files/fancypantsadventures/index.html"
  },
  {
      "name": "Fantasy Dash",
      "icon": "/files/fantasy-dash/DF24D85A-B7B5-4CF0-8194-DB6CD89C6975.jpeg",
      "url": "/files/fantasy-dash/Fantasy Dash.html"
  },
  {
      "name": "Fireboy and Watergirl",
      "icon": "/files/fireboywatergirlforesttemple/logo.jpeg",
      "url": "/files/fireboywatergirlforesttemple/index.html"
  },
  {
      "name": "Five Nights at Winston's",
      "icon": "/files/fnaw/splash.png",
      "url": "/files/fnaw/index.html"
  },
  {
      "name": "Flappy 2048",
      "icon": "/files/flappy-2048/meta/apple-touch-icon.png",
      "url": "/files/flappy-2048/index.html"
  },
  {
      "name": "Flappy Bird",
      "icon": "/files/flappy-bird/assets/thumb.png",
      "url": "/files/flappy-bird/index.html"
  },
  {
      "name": "Flappy Plane",
      "icon": "/files/flappy plane/E3A4179E-B8E4-4358-BDAD-45AA7637D4D7.jpeg",
      "url": "/files/flappy plane/Flappy Plane.html"
  },
  {
      "name": "Flash Tetris",
      "icon": "/files/flashtetris/flashtetris.png",
      "url": "/files/flashtetris/index.html"
  },
  {
      "name": "Fleeing The Complex",
      "icon": "/files/fleeingthecomplex/a.png",
      "url": "/files/fleeingthecomplex/index.html"
  },
  {
      "name": "Flippy Fish",
      "icon": "/files/flippy-fish/2022_10_28_0jt_Kleki.png",
      "url": "/files/flippy-fish/index.html"
  },
  {
      "name": "Friday Night Funkin'",
      "icon": "/files/fridaynightfunkin/fnf-icon.jpg",
      "url": "/files/fridaynightfunkin/index.html"
  },
  {
      "name": "Froggy's Battle",
      "icon": "/files/froggys-battle/splash.png",
      "url": "/files/froggys-battle/index.html"
  },
  {
      "name": "Fruit Ninja",
      "icon": "/files/fruitninja/FruitNinjaTeaser.jpg",
      "url": "/files/fruitninja/index.html"
  },
  {
      "name": "Frying Nemo",
      "icon": "/files/frying-nemo/splash.png",
      "url": "/files/frying-nemo/index.html"
  },
  {
      "name": "GOODNIGHT",
      "icon": "/files/goodnight/goodnight.jpg",
      "url": "/files/goodnight/index.html"
  },
  {
      "name": "Game Inside a Game Inside a Game...",
      "icon": "/files/game-inside/img/display.png",
      "url": "/files/game-inside/index.html"
  },
  {
      "name": "Generic Fishing Game",
      "icon": "/files/generic-fishing-game/splash.png",
      "url": "/files/generic-fishing-game/index.html"
  },
  {
      "name": "Geometry Dash (Scratch)",
      "icon": "/files/geodash/geoscratchicon.png",
      "url": "/files/geodash/index.html"
  },
  {
      "name": "George and the Printer",
      "icon": "/files/georgeandtheprinter/img/SnDTEn.png",
      "url": "/files/georgeandtheprinter/index.html"
  },
  {
      "name": "Getaway Shootout",
      "icon": "/files/getaway-shootout/img/images.jpg",
      "url": "/files/getaway-shootout/index.html"
  },
  {
      "name": "Gimme the Airpod",
      "icon": "/files/gimme-the-airpod/img/logo.png",
      "url": "/files/gimme-the-airpod/index.html"
  },
  {
      "name": "Glass City",
      "icon": "/files/glass-city/image.png",
      "url": "/files/glass-city/index.html"
  },
  {
      "name": "Go Ball",
      "icon": "/files/go-ball/game.jpg",
      "url": "/files/go-ball/index.html"
  },
  {
      "name": "Google Feud",
      "icon": "/files/google-feud/splash.png",
      "url": "/files/google-feud/index.html"
  },
  {
      "name": "Google Snake",
      "icon": "/files/google-snake/img/snake.png",
      "url": "/files/google-snake/index.html"
  },
  {
      "name": "Gravity Soccer",
      "icon": "/files/gravity-soccer/splash.png",
      "url": "/files/gravity-soccer/index.html"
  },
  {
      "name": "Grey Box Testing",
      "icon": "/files/greybox/ico.png",
      "url": "/files/greybox/index.html"
  },
  {
      "name": "Grind Craft",
      "icon": "/files/grindcraft/img/splash.png",
      "url": "/files/grindcraft/index.html"
  },
  {
      "name": "Hacker Typer",
      "icon": "/files/hackertype/logo192.png",
      "url": "/files/hackertype/index.html"
  },
  {
      "name": "Handshakes",
      "icon": "/files/handshakes/splaher.png",
      "url": "/files/handshakes/index.html"
  },
  {
      "name": "Happy Hop",
      "icon": "/files/happy-hop/splash.png",
      "url": "/files/happy-hop/index.html"
  },
  {
      "name": "Happy Wheels",
      "icon": "/files/happywheels/b.png",
      "url": "/files/happywheels/index.html"
  },
  {
      "name": "Helicopter",
      "icon": "/files/helicopter/helicopter.png",
      "url": "/files/helicopter/index.html"
  },
  {
      "name": "Hex Empire",
      "icon": "/files/hexempire/hexempire.jpg",
      "url": "/files/hexempire/index.html"
  },
  {
      "name": "HexGL",
      "icon": "/files/HexGL/Hexgl-image-1.jpg",
      "url": "/files/HexGL/index.html"
  },
  {
      "name": "Hextris",
      "icon": "/files/hextris/images/hextris-logo.png",
      "url": "/files/hextris/index.html"
  },
  {
      "name": "Hill Climb Racing (Scratch)",
      "icon": "/files/hill-climb-racing/splash.jpeg",
      "url": "/files/hill-climb-racing/index.html"
  },
  {
      "name": "Hover Bot Arena",
      "icon": "/files/hba/hoverbotarena.JPG",
      "url": "/files/hba/index.html"
  },
  {
      "name": "Hungry Lamu",
      "icon": "/files/hungry-lamu/splash.png",
      "url": "/files/hungry-lamu/index.html"
  },
  {
      "name": "Ice Age Baby",
      "icon": "/files/iceagebaby/thumb.png",
      "url": "/files/iceagebaby/index.html"
  },
  {
      "name": "Ice Age Baby 2",
      "icon": "/files/iceagebaby2/pinky.jpg",
      "url": "/files/iceagebaby2/index.html"
  },
  {
      "name": "Idle Breakout",
      "icon": "/files/idle-breakout/img/thumbnail.png",
      "url": "/files/idle-breakout/index.html"
  },
  {
      "name": "Idle Shark",
      "icon": "/files/idle-shark/img/sharkgame.png",
      "url": "/files/idle-shark/index.html"
  },
  {
      "name": "Impossible Quiz",
      "icon": "/files/impossiblequiz/impossiblequiz.png",
      "url": "/files/impossiblequiz/index.html"
  },
  {
      "name": "Interactive Buddy",
      "icon": "/files/interactivebuddy/interactivebuddy.jpg",
      "url": "/files/interactivebuddy/index.html"
  },
  {
      "name": "Iron Dash",
      "icon": "/files/iron dash/9FF39FCC-64B1-491C-97FC-A34357F9583A.jpeg",
      "url": "/files/iron dash/Iron Dash.html"
  },
  {
      "name": "Jetpack Joyride",
      "icon": "/files/jetpack-joyride/splash.jpg",
      "url": "/files/jetpack-joyride/index.html"
  },
  {
      "name": "Just One Boss",
      "icon": "/files/just-one-boss/pv1Gr5.png",
      "url": "/files/just-one-boss/index.html"
  },
  {
      "name": "JustFall.lol",
      "icon": "/files/just-fall/unnamed.png",
      "url": "/files/just-fall/index.html"
  },
  {
      "name": "Kitchen gun game",
      "icon": "/files/kitchen-gun-game/splash.png",
      "url": "/files/kitchen-gun-game/index.html"
  },
  {
      "name": "Kitten Cannon",
      "icon": "/files/kittencannon/kittencannon.png",
      "url": "/files/kittencannon/index.html"
  },
  {
      "name": "Knife Master",
      "icon": "/files/knife-master/512x512.jpg",
      "url": "/files/knife-master/index.html"
  },
  {
      "name": "Krunker",
      "icon": "/files/krunker/img/krunker-io.jpg",
      "url": "/files/krunker/index.html"
  },
  {
      "name": "Learn To Fly",
      "icon": "/files/learntofly/learntofly.png",
      "url": "/files/learntofly/index.html"
  },
  {
      "name": "Learn To Fly 3",
      "icon": "/files/ltf3/logo.png",
      "url": "/files/ltf3/index.html"
  },
  {
      "name": "Learn To Fly IDLE",
      "icon": "/files/ltf-idle/thumbnail.jpg",
      "url": "/files/ltf-idle/index.html"
  },
  {
      "name": "Learn to fly 2",
      "icon": "/files/learntofly2/learn-to-fly-2.jpg",
      "url": "/files/learntofly2/index.html"
  },
  {
      "name": "Level 13",
      "icon": "/files/level13/thumb.png",
      "url": "/files/level13/index.html"
  },
  {
      "name": "Madalin Stunt Cars 2",
      "icon": "/files/madalin-stunt-cars-2/img/logo.jpg",
      "url": "/files/madalin-stunt-cars-2/index.html"
  },
  {
      "name": "Madalin Stunt Cars 3",
      "icon": "/files/madalin-stunt-cars-3/img/index.jpg",
      "url": "/files/madalin-stunt-cars-3/index.html"
  },
  {
      "name": "Mario",
      "icon": "/files/mario/Theme/Mario.gif",
      "url": "/files/mario/index.html"
  },
  {
      "name": "Marvin Spectrum",
      "icon": "/files/marvinspectrum/marvinspectrum.png",
      "url": "/files/marvinspectrum/index.html"
  },
  {
      "name": "Matrix Rampage",
      "icon": "/files/matrixrampage/matrixrampage.jpg",
      "url": "/files/matrixrampage/index.html"
  },
  {
      "name": "Meme 2048",
      "icon": "/files/meme2048/img/rickroll.gif",
      "url": "/files/meme2048/index.html"
  },
  {
      "name": "Merge Round Racers",
      "icon": "/files/merge-round-racers/splash.png",
      "url": "/files/merge-round-racers/index.html"
  },
  {
      "name": "Mine Blocks",
      "icon": "/files/mineblocks/splash.png",
      "url": "/files/mineblocks/index.html"
  },
  {
      "name": "Minecraft Classic",
      "icon": "/files/minecraft-classic/pack.png",
      "url": "/files/minecraft-classic/index.html"
  },
  {
      "name": "Minecraft Classic Hacks",
      "icon": "/files/minecraftbeta/bg_main.png",
      "url": "/files/minecraftbeta/index.html"
  },
  {
      "name": "Minesweeper",
      "icon": "/files/minesweeper/img/minesweeper.png",
      "url": "/files/minesweeper/index.html"
  },
  {
      "name": "Mini-putt",
      "icon": "/files/miniputt/miniputt.png",
      "url": "/files/miniputt/index.html"
  },
  {
      "name": "Missiles",
      "icon": "/files/missiles/miss.png",
      "url": "/files/missiles/index.html"
  },
  {
      "name": "Monster Tracks",
      "icon": "/files/monster-tracks/thumb.jpg",
      "url": "/files/monster-tracks/index.html"
  },
  {
      "name": "MotoX3M",
      "icon": "/files/motox3m/splash.jpg",
      "url": "/files/motox3m/index.html"
  },
  {
      "name": "MotoX3M 2",
      "icon": "/files/motox3m2/splash.jpg",
      "url": "/files/motox3m2/index.html"
  },
  {
      "name": "MotoX3M Pool",
      "icon": "/files/motox3m-pool/splash.jpg",
      "url": "/files/motox3m-pool/index.html"
  },
  {
      "name": "MotoX3M Spooky",
      "icon": "/files/motox3m-spooky/splash.jpeg",
      "url": "/files/motox3m-spooky/index.html"
  },
  {
      "name": "MotoX3M Winter",
      "icon": "/files/motox3m-winter/download.jpeg",
      "url": "/files/motox3m-winter/index.html"
  },
  {
      "name": "My Rusty Submarine",
      "icon": "/files/my-rusty-submarine/splash.png",
      "url": "/files/my-rusty-submarine/index.html"
  },
  {
      "name": "NS-Shaft",
      "icon": "/files/ns-shaft/favicon.png",
      "url": "/files/ns-shaft/index.html"
  },
  {
      "name": "Neon Square Resurgence",
      "icon": "/files/nsresurgence/neon.png",
      "url": "/files/nsresurgence/index.html"
  },
  {
      "name": "Ninja",
      "icon": "/files/ninja/logo1.png",
      "url": "/files/ninja/index.html"
  },
  {
      "name": "Ninja vs Evil Corp",
      "icon": "/files/ninjavsevilcorp/splash.png",
      "url": "/files/ninjavsevilcorp/index.html"
  },
  {
      "name": "Noob Steve Parkour",
      "icon": "/files/noob-steve-parkour/512x512.jpg",
      "url": "/files/noob-steve-parkour/index.html"
  },
  {
      "name": "Offline Paradise",
      "icon": "/files/OfflineParadise/assets/icon.jpeg",
      "url": "/files/OfflineParadise/index.html"
  },
  {
      "name": "Om Nom Bounce",
      "icon": "/files/om-bounce/assets/icon.jpeg",
      "url": "/files/om-bounce/index.html"
  },
  {
      "name": "OvO",
      "icon": "/files/ovo/ovo.png",
      "url": "/files/ovo/index.html"
  },
  {
      "name": "POPCAT CLASSIC",
      "icon": "/files/popcat-classic/splash.png",
      "url": "/files/popcat-classic/index.html"
  },
  {
      "name": "Pandemic 2",
      "icon": "/files/pandemic2/pandemic2.png",
      "url": "/files/pandemic2/index.html"
  },
  {
      "name": "Papa's Burgeria",
      "icon": "/files/papasburgeria/splash.jpg",
      "url": "/files/papasburgeria/index.html"
  },
  {
      "name": "Papa's Pizzaria",
      "icon": "/files/papaspizzaria/papaspizzaria.jpg",
      "url": "/files/papaspizzaria/index.html"
  },
  {
      "name": "Paper.io 2",
      "icon": "/files/paperio2/images/icon512.png",
      "url": "/files/paperio2/index.html"
  },
  {
      "name": "Papery Planes",
      "icon": "/files/papery-planes/splash.jpg",
      "url": "/files/papery-planes/index.html"
  },
  {
      "name": "Particle Clicker",
      "icon": "/files/particle-clicker/assets/mobile/original.png",
      "url": "/files/particle-clicker/index.html"
  },
  {
      "name": "Pixel Gun Survival",
      "icon": "/files/pixel-gun-survival/512x512.png",
      "url": "/files/pixel-gun-survival/index.html"
  },
  {
      "name": "Planet Life",
      "icon": "/files/planetlife/images/super-planetlife.gif",
      "url": "/files/planetlife/index.html"
  },
  {
      "name": "Plants VS Zombies",
      "icon": "/files/plants%20vs%20zombies%201/image_proxy.png",
      "url": "/files/plants%20vs%20zombies%201/plants%20vs%20zombies.html"
  },
  {
      "name": "PolyBranch",
      "icon": "/files/polybranch/img/pic1.png",
      "url": "/files/polybranch/index.html"
  },
  {
      "name": "Portal (Flash)",
      "icon": "/files/portalflash/portaltheflashversion.jpg",
      "url": "/files/portalflash/index.html"
  },
  {
      "name": "Precision Client (Eaglercraft)",
      "icon": "/files/precision-client/logo.png",
      "url": "/files/precision-client/index.html"
  },
  {
      "name": "Protektor",
      "icon": "/files/protektor/splash.jpg",
      "url": "/files/protektor/index.html"
  },
  {
      "name": "Push The Square",
      "icon": "/files/push-the-square/img/splash.png",
      "url": "/files/push-the-square/index.html"
  },
  {
      "name": "Push Your Luck",
      "icon": "/files/push-your-luck/assets/img/push.png",
      "url": "/files/push-your-luck/index.html"
  },
  {
      "name": "Rabbit Samurai",
      "icon": "/files/rabbit-samurai/splash.png",
      "url": "/files/rabbit-samurai/index.html"
  },
  {
      "name": "Rabbit Samurai 2",
      "icon": "/files/rabbit-samurai2/splash.png",
      "url": "/files/rabbit-samurai2/index.html"
  },
  {
      "name": "Resent Client (Eaglercraft)",
      "icon": "/files/resent-client/splash.jpg",
      "url": "/files/resent-client/index.html"
  },
  {
      "name": "Retro Bowl",
      "icon": "/files/retro-bowl/img/icon.jpg",
      "url": "/files/retro-bowl/index.html"
  },
  {
      "name": "Riddle School 1",
      "icon": "/files/riddleschool/riddleschool.png",
      "url": "/files/riddleschool/index.html"
  },
  {
      "name": "Riddle School 2",
      "icon": "/files/riddleschool2/riddleschool2.png",
      "url": "/files/riddleschool2/index.html"
  },
  {
      "name": "Riddle School 3",
      "icon": "/files/riddleschool3/riddleschool3.png",
      "url": "/files/riddleschool3/index.html"
  },
  {
      "name": "Riddle School 4",
      "icon": "/files/riddleschool4/riddleschool4.png",
      "url": "/files/riddleschool4/index.html"
  },
  {
      "name": "Riddle School 5",
      "icon": "/files/riddleschool5/riddleschool5.png",
      "url": "/files/riddleschool5/index.html"
  },
  {
      "name": "Riddle School Transfer 1",
      "icon": "/files/riddletransfer/riddletransfer.png",
      "url": "/files/riddletransfer/index.html"
  },
  {
      "name": "Riddle School Transfer 2",
      "icon": "/files/riddletransfer2/riddletransfer2.png",
      "url": "/files/riddletransfer2/index.html"
  },
  {
      "name": "Roblox",
      "icon": "/files/roblox/splash.png",
      "url": "/files/roblox/index.html"
  },
  {
      "name": "Rocket Soccer",
      "icon": "/files/Rocket-League/splash.png",
      "url": "/files/Rocket-League/index.html"
  },
  {
      "name": "Rolling Forests",
      "icon": "/files/rolling-forests/icon.png",
      "url": "/files/rolling-forests/index.html"
  },
  {
      "name": "Rolly Vortex",
      "icon": "/files/rolly-vortex/icon-256.png",
      "url": "/files/rolly-vortex/index.html"
  },
  {
      "name": "Rooftop Snipers",
      "icon": "/files/rooftop-snipers/img/preview.png",
      "url": "/files/rooftop-snipers/index.html"
  },
  {
      "name": "Ruffle Emulator",
      "icon": "/files/ruffle/splash.png",
      "url": "/files/ruffle/index.html"
  },
  {
      "name": "Run",
      "icon": "/files/run/run.png",
      "url": "/files/run/index.html"
  },
  {
      "name": "Run 2",
      "icon": "/files/Run 2/run-2-logo.jpg",
      "url": "/files/Run 2/index.html"
  },
  {
      "name": "Run 3",
      "icon": "/files/run 3/image_proxy.png",
      "url": "/files/run 3/Run 3.html"
  },
  {
      "name": "SHUTTLEDECK",
      "icon": "/files/shuttledeck/splash.png",
      "url": "/files/shuttledeck/index.html"
  },
  {
      "name": "Sand Game",
      "icon": "/files/sand-game/sand.png",
      "url": "/files/sand-game/index.html"
  },
  {
      "name": "Sandboxels",
      "icon": "/files/sandboxels/sandboxels.jpg",
      "url": "/files/sandboxels/index.html"
  },
  {
      "name": "Santy is Home",
      "icon": "/files/santy-is-home/splash.png",
      "url": "/files/santy-is-home/index.html"
  },
  {
      "name": "Scrap Metal 3",
      "icon": "/files/scrapmetal/img/splash.png",
      "url": "/files/scrapmetal/index.html"
  },
  {
      "name": "Scratcharia",
      "icon": "/files/scratcharia/splash.png",
      "url": "/files/scratcharia/index.html"
  },
  {
      "name": "Shellshockers",
      "icon": "/files/shellshockers/img/favicon.jpg",
      "url": "/files/shellshockers/index.html"
  },
  {
      "name": "Shot in the Dark",
      "icon": "/files/shotinthedark/shot.png",
      "url": "/files/shotinthedark/index.html"
  },
  {
      "name": "Sky Car Stunt",
      "icon": "/files/sky-car-stunt/512x512.jpg",
      "url": "/files/sky-car-stunt/index.html"
  },
  {
      "name": "Sleeping Beauty",
      "icon": "/files/sleepingbeauty/splash.png",
      "url": "/files/sleepingbeauty/index.html"
  },
  {
      "name": "Slime Rush TD",
      "icon": "/files/slime-rush-td/splash.png",
      "url": "/files/slime-rush-td/index.html"
  },
  {
      "name": "Slope",
      "icon": "/files/slope/slope4.jpeg",
      "url": "/files/slope/index.html"
  },
  {
      "name": "Slope 2",
      "icon": "/files/slope-2/slope-2-logo.png",
      "url": "/files/slope-2/index.html"
  },
  {
      "name": "Slope Ball",
      "icon": "/files/slope-ball/splash.png",
      "url": "/files/slope-ball/index.html"
  },
  {
      "name": "Smash Carts",
      "icon": "/files/smashkarts/images/icon-512.png",
      "url": "/files/smashkarts/index.html"
  },
  {
      "name": "Smoking Barrels",
      "icon": "/files/smokingbarrels/smokingbarrels.jpg",
      "url": "/files/smokingbarrels/index.html"
  },
  {
      "name": "Snowbattle",
      "icon": "/files/snowbattle/img/logo.png",
      "url": "/files/snowbattle/index.html"
  },
  {
      "name": "Soccer Random",
      "icon": "/files/soccer-random/unnamed.png",
      "url": "/files/soccer-random/index.html"
  },
  {
      "name": "Soccer Skills Euro Cup",
      "icon": "/files/soccer-skills/splash.png",
      "url": "/files/soccer-skills/index.html"
  },
  {
      "name": "Soilder Legend",
      "icon": "/files/soldier-legend/images/splash.jpeg",
      "url": "/files/soldier-legend/index.html"
  },
  {
      "name": "Solitare",
      "icon": "/files/solitaire/screen-shot.png",
      "url": "/files/solitaire/index.html"
  },
  {
      "name": "Sort The Court",
      "icon": "/files/sort-the-court/img/splash.png",
      "url": "/files/sort-the-court/index.html"
  },
  {
      "name": "Soundboard",
      "icon": "/files/soundboard/img/mlg-favicon.png",
      "url": "/files/soundboard/index.html"
  },
  {
      "name": "Space Company",
      "icon": "/files/space-company/Icons/SpaceCompanyFavicon.png",
      "url": "/files/space-company/index.html"
  },
  {
      "name": "Space Garden",
      "icon": "/files/spacegarden/spl.png",
      "url": "/files/spacegarden/index.html"
  },
  {
      "name": "Spelunky",
      "icon": "/files/spelunky/assets/icon.png",
      "url": "/files/spelunky/index.html"
  },
  {
      "name": "Stack",
      "icon": "/files/stack/stack.png",
      "url": "/files/stack/index.html"
  },
  {
      "name": "Stack Bump 3D",
      "icon": "/files/stack-bump-3d/thumbnail.jpg",
      "url": "/files/stack-bump-3d/index.html"
  },
  {
      "name": "Starve.io",
      "icon": "/files/starve/img/favicon.png",
      "url": "/files/starve/index.html"
  },
  {
      "name": "Station 141",
      "icon": "/files/station-141/75wxYs.png",
      "url": "/files/station-141/index.html"
  },
  {
      "name": "Stealing The Diamond",
      "icon": "/files/stealingthediamond/stealingthediamond.jpg",
      "url": "/files/stealingthediamond/index.html"
  },
  {
      "name": "Stick Archers",
      "icon": "/files/stick-archers/splash.jpg",
      "url": "/files/stick-archers/index.html"
  },
  {
      "name": "Stick Duel Battle",
      "icon": "/files/stick-duel-battle/512x512.jpg",
      "url": "/files/stick-duel-battle/index.html"
  },
  {
      "name": "Stick Merge",
      "icon": "/files/stick-merge/splash.png",
      "url": "/files/stick-merge/index.html"
  },
  {
      "name": "Stick War",
      "icon": "/files/stickwar/stickwar.jpg",
      "url": "/files/stickwar/index.html"
  },
  {
      "name": "Stickman Boost",
      "icon": "/files/stickman-boost/base/img1.jpg",
      "url": "/files/stickman-boost/index.html"
  },
  {
      "name": "Stickman Golf",
      "icon": "/files/stickman-golf/splash.png",
      "url": "/files/stickman-golf/index.html"
  },
  {
      "name": "Stickman Hook",
      "icon": "/files/stickman-hook/unnamed.jpg",
      "url": "/files/stickman-hook/index.html"
  },
  {
      "name": "Stickman Survival",
      "icon": "/files/Stickman-Survival/Icon.png",
      "url": "/files/Stickman-Survival/index.html"
  },
  {
      "name": "Storm The House 2",
      "icon": "/files/stormthehouse2/stormthehouse2.jpg",
      "url": "/files/stormthehouse2/index.html"
  },
  {
      "name": "Subway Surfers",
      "icon": "/files/subway-surfers/img/splash.jpg",
      "url": "/files/subway-surfers/index.html"
  },
  {
      "name": "Subway Surfers New York",
      "icon": "/files/subway-surfers-ny/NewYorkIcon.png",
      "url": "/files/subway-surfers-ny/index.html"
  },
  {
      "name": "Super Fowlist",
      "icon": "/files/superfowlist/fowlist.png",
      "url": "/files/superfowlist/index.html"
  },
  {
      "name": "Super Mario 64",
      "icon": "/files/sm64/logo.png",
      "url": "/files/sm64/index.html"
  },
  {
      "name": "Super Mario Constuct",
      "icon": "/files/supermarioconstruct/media/icons/icon-128.png",
      "url": "/files/supermarioconstruct/index.html"
  },
  {
      "name": "Superhot",
      "icon": "/files/superhot/hot.jpg",
      "url": "/files/superhot/index.html"
  },
  {
      "name": "Surviv.io",
      "icon": "/files/surviv/img/favicon.png",
      "url": "/files/surviv/index.html"
  },
  {
      "name": "Sushi unROLL",
      "icon": "/files/sushi-unroll/favicon.png",
      "url": "/files/sushi-unroll/index.html"
  },
  {
      "name": "Swerve",
      "icon": "/files/swerve/img/favicon.jpg",
      "url": "/files/swerve/index.html"
  },
  {
      "name": "Synesthesia",
      "icon": "/files/synesthesia/index.splash.png",
      "url": "/files/synesthesia/index.html"
  },
  {
      "name": "TV Static",
      "icon": "/files/tv-static/static.png",
      "url": "/files/tv-static/index.html"
  },
  {
      "name": "Table Tennis Ultimate",
      "icon": "/files/cnpingpong/tabletennisultimate.png",
      "url": "/files/cnpingpong/index.html"
  },
  {
      "name": "Tactical Assassin 2",
      "icon": "/files/tacticalassasin2/tacticalassassin2.png",
      "url": "/files/tacticalassasin2/index.html"
  },
  {
      "name": "Tactical Weapon Pack 2",
      "icon": "/files/tactical-weapon-pack-2/splash.jpg",
      "url": "/files/tactical-weapon-pack-2/index.html"
  },
  {
      "name": "Tank Trouble 2",
      "icon": "/files/tank-trouble-2/tank.jpeg",
      "url": "/files/tank-trouble-2/index.html"
  },
  {
      "name": "Tanuki Sunset",
      "icon": "/files/tanuki-sunset/img/cover.png",
      "url": "/files/tanuki-sunset/index.html"
  },
  {
      "name": "Temple Run 2",
      "icon": "/files/temple-run-2/img/og-icon.png",
      "url": "/files/temple-run-2/index.html"
  },
  {
      "name": "The Battle",
      "icon": "/files/thebattle/thebattle.png",
      "url": "/files/thebattle/index.html"
  },
  {
      "name": "The Final Earth",
      "icon": "/files/the-final-earth/images.png",
      "url": "/files/the-final-earth/index.html"
  },
  {
      "name": "The Final Earth 2",
      "icon": "/files/the-final-earth-2/thumb.png",
      "url": "/files/the-final-earth-2/index.html"
  },
  {
      "name": "The Heist",
      "icon": "/files/theheist/theheist.jpg",
      "url": "/files/theheist/index.html"
  },
  {
      "name": "The Hotel",
      "icon": "/files/the-hotel/splash.png",
      "url": "/files/the-hotel/index.html"
  },
  {
      "name": "There Is No Game",
      "icon": "/files/there-is-no-game/logo.png",
      "url": "/files/there-is-no-game/index.html"
  },
  {
      "name": "This Is The Only Level",
      "icon": "/files/thisistheonlylevel/thisistheonlylevel.png",
      "url": "/files/thisistheonlylevel/index.html"
  },
  {
      "name": "Throw Rocks at Shit",
      "icon": "/files/throwrocks/card.png",
      "url": "/files/throwrocks/index.html"
  },
  {
      "name": "Tiny Fishing",
      "icon": "/files/tiny-fishing/thumb.png",
      "url": "/files/tiny-fishing/index.html"
  },
  {
      "name": "Tiny Islands",
      "icon": "/files/tiny-islands/splash.png",
      "url": "/files/tiny-islands/index.html"
  },
  {
      "name": "Toss The Turtle",
      "icon": "/files/tosstheturtle/tosstheturtle.png",
      "url": "/files/tosstheturtle/index.html"
  },
  {
      "name": "Townscaper",
      "icon": "/files/townscaper/img/cover.jpg",
      "url": "/files/townscaper/index.html"
  },
  {
      "name": "Trimps",
      "icon": "/files/Trimps/trimp.jpg",
      "url": "/files/Trimps/index.html"
  },
  {
      "name": "Tube Jumpers",
      "icon": "/files/tube-jumpers/img/shark.jpg",
      "url": "/files/tube-jumpers/index.html"
  },
  {
      "name": "Tunnel Rush",
      "icon": "/files/tunnel-rush/img/tunnel.jpg",
      "url": "/files/tunnel-rush/index.html"
  },
  {
      "name": "Twitch Tetris",
      "icon": "/files/twitch-tetris/logo.png",
      "url": "/files/twitch-tetris/index.html"
  },
  {
      "name": "Unfair Mario",
      "icon": "/files/unfairmario/sus.jpg",
      "url": "/files/unfairmario/index.html"
  },
  {
      "name": "VELOCE",
      "icon": "/files/veloce/qN6zkD.png",
      "url": "/files/veloce/index.html"
  },
  {
      "name": "Vex 3",
      "icon": "/files/vex3/vex3.png",
      "url": "/files/vex3/index.html"
  },
  {
      "name": "Vex 4",
      "icon": "/files/vex4/vex4.png",
      "url": "/files/vex4/index.html"
  },
  {
      "name": "Vex 5",
      "icon": "/files/vex5/vex.jpeg",
      "url": "/files/vex5/index.html"
  },
  {
      "name": "Vex 6",
      "icon": "/files/vex6/assets/icon.jpeg",
      "url": "/files/vex6/index.html"
  },
  {
      "name": "Vex 7",
      "icon": "/files/vex7/assets/icon.jpeg",
      "url": "/files/vex7/index.html"
  },
  {
      "name": "Volley Random",
      "icon": "/files/volley-random/splash.png",
      "url": "/files/volley-random/index.html"
  },
  {
      "name": "Wall Smash",
      "icon": "/files/wallsmash/thumb.png",
      "url": "/files/wallsmash/index.html"
  },
  {
      "name": "Waterworks!",
      "icon": "/files/waterworks/square.png",
      "url": "/files/waterworks/index.html"
  },
  {
      "name": "Weave Silk",
      "icon": "/files/weavesilk/thumb.png",
      "url": "/files/weavesilk/index.html"
  },
  {
      "name": "WebGL Fluid Sim",
      "icon": "/files/webgl-fluid-simulation/logo.png",
      "url": "/files/webgl-fluid-simulation/index.html"
  },
  {
      "name": "Webretro",
      "icon": "/files/webretro/webretro/assets/icons/icon204.png",
      "url": "/files/webretro/roms.html"
  },
  {
      "name": "Win the Whitehouse",
      "icon": "/files/win-the-whitehouse/splash.png",
      "url": "/files/win-the-whitehouse/index.html"
  },
  {
      "name": "Wolfenstein 3D",
      "icon": "/files/wolf3d/art/wolf3d.png",
      "url": "/files/wolf3d/index.html"
  },
  {
      "name": "Wordle",
      "icon": "/files/wordle/img/logo_512x512.png",
      "url": "/files/wordle/index.html"
  },
  {
      "name": "World's Hardest Game",
      "icon": "/files/worlds-hardest-game/images/splash.jpg",
      "url": "/files/worlds-hardest-game/index.html"
  },
  {
      "name": "World's Hardest Game 2",
      "icon": "/files/worlds-hardest-game-2/the-worlds-hardest-game-2.jpg",
      "url": "/files/worlds-hardest-game-2/index.html"
  },
  {
      "name": "X Trial Racing",
      "icon": "/files/x-trial-racing/splash.png",
      "url": "/files/x-trial-racing/index.html"
  },
  {
      "name": "Yohoho",
      "icon": "/files/yohoho/yohoho.png",
      "url": "/files/yohoho/index.html"
  },
  {
      "name": "Yoshi's Fabrication Station",
      "icon": "/files/yoshifabrication/icons/icon-512.png",
      "url": "/files/yoshifabrication/index.html"
  },
  {
      "name": "You Are Jeff Bezos",
      "icon": "/files/you-are-bezos/img/banner.png",
      "url": "/files/you-are-bezos/index.html"
  },
  {
      "name": "Zombs Royale",
      "icon": "/files/zombs-royale/zomb.png",
      "url": "/files/zombs-royale/index.html"
  },
  {
      "name": "Backrooms 2d",
      "icon": "/files/backrooms2d/BF18A6F3-4A1B-4AF7-B383-B9A359A1DBDF.jpeg",
      "url": "/files/backrooms2d/backrooms2d.html"
  },
  {
      "name": "Bonk.io",
      "icon": "/files/bonkio/image.png",
      "url": "/files/bonkio/bonkio.html"
  },
  {
      "name": "Chess",
      "icon": "/files/chess/84391856-3910-4B44-AF7E-ACF1056658C2.jpeg",
      "url": "/files/chess/chess.html"
  },
  {
      "name": "circlO",
      "icon": "/files/circlo/img/download.png",
      "url": "/files/circlo/index.html"
  },
  {
      "name": "Dodge",
      "icon": "/files/dodge/CEB64188-C91B-4FEE-95C1-3ACF6A8CA009.jpeg",
      "url": "/files/dodge/dodge.html"
  },
  {
      "name": "Doom",
      "icon": "/files/doom/0B894474-D070-4E9C-B1C1-6908E344DA28.jpeg",
      "url": "/files/doom/doom.html"
  },
  {
      "name": "Dumb Ways to Die",
      "icon": "/files/dumbwaystodie/image.png",
      "url": "/files/dumbwaystodie/dumbwaystodie.html"
  },
  {
      "name": "Eggycar",
      "icon": "/files/eggycar/favicon.ico",
      "url": "/files/eggycar/index.html"
  },
  {
      "name": "Line rider",
      "icon": "/files/linerider/6954B825-C61C-41E0-BFD9-7EA4FC6D0FE1.jpeg",
      "url": "/files/linerider/linerider.html"
  },
  {
      "name": "n-gon",
      "icon": "/files/n-gon/bot.png",
      "url": "/files/n-gon/index.html"
  },
  {
      "name": "osu!",
      "icon": "/files/osu!/osu.png",
      "url": "/files/osu!/index.html"
  },
  {
      "name": "Overwatch",
      "icon": "/files/overwatch/98FBAD0A-F63A-46B5-81E7-0D3074D23365.jpeg",
      "url": "/files/overwatch/overwatch.html"
  },
  {
      "name": "Robux clicker",
      "icon": "/files/robuxclicker/1517CE7D-1708-489E-9C51-E52887A13855.jpeg",
      "url": "/files/robuxclicker/robuxclicker.html"
  },
  {
      "name": "Shotgun Showdown",
      "icon": "/files/shogunshowdown/19C0D9BB-86C1-4A65-B374-638BD25EE0FC.png",
      "url": "/files/shogunshowdown/shogunshowdown.html"
  },
  {
      "name": "Slither.io",
      "icon": "/files/slitherio/7EDEF379-07A2-4604-B552-C0A3DB2D70BE.jpeg",
      "url": "/files/slitherio/slitherio.html"
  },
  {
      "name": "Vex 2",
      "icon": "/files/vex2/2D127E76-C80C-4E9B-AA23-BF5C1090EF36.jpeg",
      "url": "/files/vex2/vex2.html"
  },
  {
      "name": "Webxash",
      "icon": "/files/webxash/webxash.png",
      "url": "/files/webxash/index.html"
  },
  {
      "name": "xx142-b2exe",
      "icon": "/files/xx142-b2exe/splash.png",
      "url": "/files/xx142-b2exe/index.html"
  },
  {
      "name": "Zig Zag",
      "icon": "/files/zigzag/4EEE71BF-A06E-478D-B1E0-F67600291BDC.jpeg",
      "url": "/files/zigzag/zigzag.html"
  }
]